{"cameraMode":{"drawMode":0,"name":"Shaded","section":"Shading Mode"},"sceneLighting":false,"audioPlay":false,"sceneViewState":{"m_AlwaysRefresh":false,"showFog":true,"showSkybox":false,"showFlares":true,"showImageEffects":true,"showParticleSystems":true,"showVisualEffectGraphs":true,"m_FxEnabled":true},"in2DMode":false,"pivot":{"x":0.006435424089431763,"y":0.0006508231163024902,"z":0.0003959536552429199},"rotation":{"x":-0.1861496865749359,"y":0.6875972747802734,"z":-0.18941590189933778,"w":-0.6757334470748901},"size":0.6618973612785339,"orthographic":false}